1,Gleason,Citlalli,female,1978-06-12,"908 Nash Via Apt. 069
East Frieda, NH 36165",0880-755-229,dolorem,GZ174291701XY
2,Muller,Graham,female,2019-06-25,"418 Brad Green Suite 175
North Skyla, SC 91557-6980",0916-153-212,error,GC926237231IT
3,Steuber,Owen,female,1990-09-03,"811 Reinger Greens Suite 902
Yundtport, VA 65579",9816-241-415,animi,UT212848490CI
4,Carter,Ocie,female,2009-01-27,"60545 Jaskolski Falls
South Talonfurt, NY 77306",7071-599-068,sed,HC170648400ZU
5,Ondricka,Bernice,male,2005-06-26,"941 Carroll Union
Rhettbury, OK 16024",7225-929-233,labore,BT427590687BY
